OTHER,,,,,,
Date,Pax,Code,DD Only,DR Only,Weekday,Comments
12/3/25,LinkedIn,,FALSE,FALSE,Wed,Food Ruck
12/3/25,Redbull,,FALSE,FALSE,Wed,Food Ruck
12/3/25,Whistleblower,,FALSE,FALSE,Wed,Food Ruck
12/3/25,Sinko,,FALSE,FALSE,Wed,Food Ruck
12/3/25,Enron,,FALSE,FALSE,Wed,Food Ruck
12/3/25,Skillet,,FALSE,FALSE,Wed,Food Ruck
12/3/25,Hot Lips,,FALSE,FALSE,Wed,Food Ruck
12/3/25,Werner,,FALSE,FALSE,Wed,Food Ruck
12/3/25,Red Baron,,FALSE,FALSE,Wed,Food Ruck
12/3/25,Bandit,,FALSE,FALSE,Wed,Food Ruck
12/3/25,Echo,,FALSE,FALSE,Wed,Food Ruck
12/3/25,Anakin,,FALSE,FALSE,Wed,Food Ruck
12/3/25,Archy,,FALSE,FALSE,Wed,Food Ruck
12/3/25,Narc,,FALSE,FALSE,Wed,Food Ruck
12/3/25,Meatloaf,,FALSE,FALSE,Wed,Food Ruck
12/3/25,Search Party,,FALSE,FALSE,Wed,Food Ruck
12/3/25,Dinger,,FALSE,FALSE,Wed,Food Ruck
12/3/25,Thermostat,,FALSE,FALSE,Wed,Food Ruck
12/3/25,Shaggy,,FALSE,FALSE,Wed,Food Ruck
12/3/25,Pacemaker,,FALSE,FALSE,Wed,Food Ruck
12/3/25,Cujo (2.0),,FALSE,FALSE,Wed,Food Ruck
12/3/25,Rosetta,,FALSE,FALSE,Wed,Food Ruck
12/3/25,Cuatro,,FALSE,FALSE,Wed,Food Ruck
12/3/25,Ballboy,,FALSE,FALSE,Wed,Food Ruck
12/3/25,Dial-Up,,FALSE,FALSE,Wed,Food Ruck
12/3/25,Cena,,FALSE,FALSE,Wed,Food Ruck
12/3/25,Hacksaw,,FALSE,FALSE,Wed,Food Ruck
12/3/25,Mr. Clean,,FALSE,FALSE,Wed,Food Ruck
12/3/25,K-Pop,,FALSE,FALSE,Wed,Food Ruck
12/3/25,Snooki,,FALSE,FALSE,Wed,Food Ruck
12/3/25,Atlas (2.0),,FALSE,FALSE,Wed,Food Ruck
12/3/25,Spider Gwen (2.0),,FALSE,FALSE,Wed,Food Ruck
12/3/25,Hollywood,,FALSE,FALSE,Wed,Food Ruck
12/3/25,Kragle (2.0),,FALSE,FALSE,Wed,Food Ruck
12/3/25,Circuit,,FALSE,FALSE,Wed,Food Ruck
12/3/25,Business Socks,,FALSE,FALSE,Wed,Food Ruck
12/3/25,D20,,FALSE,FALSE,Wed,Food Ruck
12/3/25,Fertile,,FALSE,FALSE,Wed,Food Ruck
12/3/25,Dr scholl's,,FALSE,FALSE,Wed,Food Ruck
12/3/25,Recurve,,FALSE,FALSE,Wed,Food Ruck
12/3/25,Johnny 5,,FALSE,FALSE,Wed,Food Ruck
12/3/25,Mash,,FALSE,FALSE,Wed,Food Ruck
12/3/25,Victory Lap,,FALSE,FALSE,Wed,Food Ruck
12/3/25,SCUBA Steve,,FALSE,FALSE,Wed,Food Ruck
12/3/25,Mountie,,FALSE,FALSE,Wed,Food Ruck
12/3/25,Shamwow,,FALSE,FALSE,Wed,Food Ruck
12/3/25,Nickels,,FALSE,FALSE,Wed,Food Ruck
12/3/25,Mario,Q,FALSE,FALSE,Wed,Food Ruck
12/3/25,Neon Moon,,FALSE,FALSE,Wed,Food Ruck
12/3/25,Squatter,,FALSE,FALSE,Wed,Food Ruck
12/3/25,Jake,,FALSE,FALSE,Wed,Food Ruck
12/3/25,Hot Pants,,FALSE,FALSE,Wed,Food Ruck
12/3/25,Floss'in,,FALSE,FALSE,Wed,Food Ruck
12/3/25,Shiv,,FALSE,FALSE,Wed,Food Ruck
12/3/25,Magellan,,FALSE,FALSE,Wed,Food Ruck
12/3/25,Mr. Burns,,FALSE,FALSE,Wed,Food Ruck
12/3/25,Wrangler (2.0),,FALSE,FALSE,Wed,Food Ruck
12/3/25,Frodo,,FALSE,FALSE,Wed,Food Ruck
12/3/25,Maverick (2.0),,FALSE,FALSE,Wed,Food Ruck
12/3/25,Juice,,FALSE,FALSE,Wed,Food Ruck
12/3/25,Tony Hawk,,FALSE,FALSE,Wed,Food Ruck
12/3/25,Cobbler,,FALSE,FALSE,Wed,Food Ruck
12/3/25,Waffles,,FALSE,FALSE,Wed,Food Ruck
12/3/25,Wolfie,,FALSE,FALSE,Wed,Food Ruck
12/3/25,Shingles,,FALSE,FALSE,Wed,Food Ruck
12/3/25,Boomer,,FALSE,FALSE,Wed,Food Ruck
12/3/25,Freedom,,FALSE,FALSE,Wed,Food Ruck
12/3/25,Ronaldo,,FALSE,FALSE,Wed,Food Ruck
12/3/25,Rawhide,,FALSE,FALSE,Wed,Food Ruck
12/3/25,Brick (2.0),,FALSE,FALSE,Wed,Food Ruck
,,,FALSE,FALSE,,
,,,FALSE,FALSE,,
,,,FALSE,FALSE,,
,,,FALSE,FALSE,,
,,,FALSE,FALSE,,
,,,FALSE,FALSE,,
,,,FALSE,FALSE,,
,,,FALSE,FALSE,,
,,,FALSE,FALSE,,
,,,FALSE,FALSE,,
,,,FALSE,FALSE,,
,,,FALSE,FALSE,,
,,,FALSE,FALSE,,
,,,FALSE,FALSE,,
,,,FALSE,FALSE,,
,,,FALSE,FALSE,,
,,,FALSE,FALSE,,
,,,FALSE,FALSE,,
,,,FALSE,FALSE,,
,,,FALSE,FALSE,,
,,,FALSE,FALSE,,
,,,FALSE,FALSE,,
,,,FALSE,FALSE,,
,,,FALSE,FALSE,,
,,,FALSE,FALSE,,
,,,FALSE,FALSE,,
,,,FALSE,FALSE,,
,,,FALSE,FALSE,,
,,,FALSE,FALSE,,
,,,FALSE,FALSE,,
,,,FALSE,FALSE,,
,,,FALSE,FALSE,,
,,,FALSE,FALSE,,
,,,FALSE,FALSE,,
,,,FALSE,FALSE,,
,,,FALSE,FALSE,,
,,,FALSE,FALSE,,
,,,FALSE,FALSE,,
,,,FALSE,FALSE,,
,,,FALSE,FALSE,,
,,,FALSE,FALSE,,
,,,FALSE,FALSE,,
,,,FALSE,FALSE,,
,,,FALSE,FALSE,,
,,,FALSE,FALSE,,
,,,FALSE,FALSE,,
,,,FALSE,FALSE,,
,,,FALSE,FALSE,,
,,,FALSE,FALSE,,
,,,FALSE,FALSE,,
,,,FALSE,FALSE,,
,,,FALSE,FALSE,,
,,,FALSE,FALSE,,
,,,FALSE,FALSE,,
,,,FALSE,FALSE,,
,,,FALSE,FALSE,,
,,,FALSE,FALSE,,
,,,FALSE,FALSE,,
,,,FALSE,FALSE,,
,,,FALSE,FALSE,,
,,,FALSE,FALSE,,
,,,FALSE,FALSE,,
,,,FALSE,FALSE,,
,,,FALSE,FALSE,,
,,,FALSE,FALSE,,
,,,FALSE,FALSE,,
,,,FALSE,FALSE,,
,,,FALSE,FALSE,,
,,,FALSE,FALSE,,
,,,FALSE,FALSE,,
,,,FALSE,FALSE,,
,,,FALSE,FALSE,,
,,,FALSE,FALSE,,
,,,FALSE,FALSE,,
,,,FALSE,FALSE,,
,,,FALSE,FALSE,,
,,,FALSE,FALSE,,
,,,FALSE,FALSE,,
,,,FALSE,FALSE,,
,,,FALSE,FALSE,,
,,,FALSE,FALSE,,
,,,FALSE,FALSE,,
,,,FALSE,FALSE,,
,,,FALSE,FALSE,,
,,,FALSE,FALSE,,
,,,FALSE,FALSE,,
,,,FALSE,FALSE,,
,,,FALSE,FALSE,,
,,,FALSE,FALSE,,
,,,FALSE,FALSE,,
,,,FALSE,FALSE,,
,,,FALSE,FALSE,,
,,,FALSE,FALSE,,
,,,FALSE,FALSE,,
,,,FALSE,FALSE,,
,,,FALSE,FALSE,,
,,,FALSE,FALSE,,
,,,FALSE,FALSE,,
,,,FALSE,FALSE,,
,,,FALSE,FALSE,,
,,,FALSE,FALSE,,
,,,FALSE,FALSE,,
,,,FALSE,FALSE,,
,,,FALSE,FALSE,,
,,,FALSE,FALSE,,
,,,FALSE,FALSE,,
,,,FALSE,FALSE,,
,,,FALSE,FALSE,,
,,,FALSE,FALSE,,
,,,FALSE,FALSE,,
,,,FALSE,FALSE,,
,,,FALSE,FALSE,,
,,,FALSE,FALSE,,
,,,FALSE,FALSE,,
,,,FALSE,FALSE,,
,,,FALSE,FALSE,,
,,,FALSE,FALSE,,
,,,FALSE,FALSE,,
,,,FALSE,FALSE,,
,,,FALSE,FALSE,,
,,,FALSE,FALSE,,
,,,FALSE,FALSE,,
,,,FALSE,FALSE,,
,,,FALSE,FALSE,,
,,,FALSE,FALSE,,
,,,FALSE,FALSE,,
,,,FALSE,FALSE,,
,,,FALSE,FALSE,,
,,,FALSE,FALSE,,
,,,FALSE,FALSE,,
,,,FALSE,FALSE,,
,,,FALSE,FALSE,,
,,,FALSE,FALSE,,
,,,FALSE,FALSE,,
,,,FALSE,FALSE,,
,,,FALSE,FALSE,,
,,,FALSE,FALSE,,
,,,FALSE,FALSE,,
,,,FALSE,FALSE,,
,,,FALSE,FALSE,,
,,,FALSE,FALSE,,
,,,FALSE,FALSE,,
,,,FALSE,FALSE,,
,,,FALSE,FALSE,,
,,,FALSE,FALSE,,
,,,FALSE,FALSE,,
,,,FALSE,FALSE,,
,,,FALSE,FALSE,,
,,,FALSE,FALSE,,
,,,FALSE,FALSE,,
,,,FALSE,FALSE,,
,,,FALSE,FALSE,,
,,,FALSE,FALSE,,
,,,FALSE,FALSE,,
,,,FALSE,FALSE,,
,,,FALSE,FALSE,,
,,,FALSE,FALSE,,
,,,FALSE,FALSE,,
,,,FALSE,FALSE,,
,,,FALSE,FALSE,,
,,,FALSE,FALSE,,
,,,FALSE,FALSE,,
,,,FALSE,FALSE,,
,,,FALSE,FALSE,,
,,,FALSE,FALSE,,
,,,FALSE,FALSE,,
,,,FALSE,FALSE,,
,,,FALSE,FALSE,,
,,,FALSE,FALSE,,
,,,FALSE,FALSE,,
,,,FALSE,FALSE,,
,,,FALSE,FALSE,,
,,,FALSE,FALSE,,
,,,FALSE,FALSE,,
,,,FALSE,FALSE,,
,,,FALSE,FALSE,,
,,,FALSE,FALSE,,
,,,FALSE,FALSE,,
,,,FALSE,FALSE,,
,,,FALSE,FALSE,,
,,,FALSE,FALSE,,
,,,FALSE,FALSE,,
,,,FALSE,FALSE,,
,,,FALSE,FALSE,,
,,,FALSE,FALSE,,
,,,FALSE,FALSE,,
,,,FALSE,FALSE,,
,,,FALSE,FALSE,,
,,,FALSE,FALSE,,
,,,FALSE,FALSE,,
,,,FALSE,FALSE,,
,,,FALSE,FALSE,,
,,,FALSE,FALSE,,
,,,FALSE,FALSE,,
,,,FALSE,FALSE,,
,,,FALSE,FALSE,,
,,,FALSE,FALSE,,
,,,FALSE,FALSE,,
,,,FALSE,FALSE,,
,,,FALSE,FALSE,,
,,,FALSE,FALSE,,
,,,FALSE,FALSE,,
,,,FALSE,FALSE,,
,,,FALSE,FALSE,,
,,,FALSE,FALSE,,
,,,FALSE,FALSE,,
,,,FALSE,FALSE,,
,,,FALSE,FALSE,,
,,,FALSE,FALSE,,
,,,FALSE,FALSE,,
,,,FALSE,FALSE,,
,,,FALSE,FALSE,,
,,,FALSE,FALSE,,
,,,FALSE,FALSE,,
,,,FALSE,FALSE,,
,,,FALSE,FALSE,,
,,,FALSE,FALSE,,
,,,FALSE,FALSE,,
,,,FALSE,FALSE,,
,,,FALSE,FALSE,,
,,,FALSE,FALSE,,
,,,FALSE,FALSE,,
,,,FALSE,FALSE,,
,,,FALSE,FALSE,,
,,,FALSE,FALSE,,
,,,FALSE,FALSE,,
,,,FALSE,FALSE,,
,,,FALSE,FALSE,,
,,,FALSE,FALSE,,
,,,FALSE,FALSE,,
,,,FALSE,FALSE,,
,,,FALSE,FALSE,,
,,,FALSE,FALSE,,
,,,FALSE,FALSE,,
,,,FALSE,FALSE,,
,,,FALSE,FALSE,,
,,,FALSE,FALSE,,
,,,FALSE,FALSE,,
,,,FALSE,FALSE,,
,,,FALSE,FALSE,,
,,,FALSE,FALSE,,
,,,FALSE,FALSE,,
,,,FALSE,FALSE,,
,,,FALSE,FALSE,,
,,,FALSE,FALSE,,
,,,FALSE,FALSE,,
,,,FALSE,FALSE,,
,,,FALSE,FALSE,,
,,,FALSE,FALSE,,
,,,FALSE,FALSE,,
,,,FALSE,FALSE,,
,,,FALSE,FALSE,,
,,,FALSE,FALSE,,
,,,FALSE,FALSE,,
,,,FALSE,FALSE,,
,,,FALSE,FALSE,,
,,,FALSE,FALSE,,
,,,FALSE,FALSE,,
,,,FALSE,FALSE,,
,,,FALSE,FALSE,,
,,,FALSE,FALSE,,
,,,FALSE,FALSE,,
,,,FALSE,FALSE,,
,,,FALSE,FALSE,,
,,,FALSE,FALSE,,
,,,FALSE,FALSE,,
,,,FALSE,FALSE,,
,,,FALSE,FALSE,,
,,,FALSE,FALSE,,
,,,FALSE,FALSE,,
,,,FALSE,FALSE,,
,,,FALSE,FALSE,,
,,,FALSE,FALSE,,
,,,FALSE,FALSE,,
,,,FALSE,FALSE,,
,,,FALSE,FALSE,,
,,,FALSE,FALSE,,
,,,FALSE,FALSE,,
,,,FALSE,FALSE,,
,,,FALSE,FALSE,,
,,,FALSE,FALSE,,
,,,FALSE,FALSE,,
,,,FALSE,FALSE,,
,,,FALSE,FALSE,,
,,,FALSE,FALSE,,
,,,FALSE,FALSE,,
,,,FALSE,FALSE,,
,,,FALSE,FALSE,,
,,,FALSE,FALSE,,
,,,FALSE,FALSE,,
,,,FALSE,FALSE,,
,,,FALSE,FALSE,,
,,,FALSE,FALSE,,
,,,FALSE,FALSE,,
,,,FALSE,FALSE,,
,,,FALSE,FALSE,,
,,,FALSE,FALSE,,
,,,FALSE,FALSE,,
,,,FALSE,FALSE,,
,,,FALSE,FALSE,,
,,,FALSE,FALSE,,
,,,FALSE,FALSE,,
,,,FALSE,FALSE,,
,,,FALSE,FALSE,,
,,,FALSE,FALSE,,
,,,FALSE,FALSE,,
,,,FALSE,FALSE,,
,,,FALSE,FALSE,,
,,,FALSE,FALSE,,
,,,FALSE,FALSE,,
,,,FALSE,FALSE,,
,,,FALSE,FALSE,,
,,,FALSE,FALSE,,
,,,FALSE,FALSE,,
,,,FALSE,FALSE,,
,,,FALSE,FALSE,,
,,,FALSE,FALSE,,
,,,FALSE,FALSE,,
,,,FALSE,FALSE,,
,,,FALSE,FALSE,,
,,,FALSE,FALSE,,
,,,FALSE,FALSE,,
,,,FALSE,FALSE,,
,,,FALSE,FALSE,,
,,,FALSE,FALSE,,
,,,FALSE,FALSE,,
,,,FALSE,FALSE,,
,,,FALSE,FALSE,,
,,,FALSE,FALSE,,
,,,FALSE,FALSE,,
,,,FALSE,FALSE,,
,,,FALSE,FALSE,,
,,,FALSE,FALSE,,
,,,FALSE,FALSE,,
,,,FALSE,FALSE,,
,,,FALSE,FALSE,,
,,,FALSE,FALSE,,
,,,FALSE,FALSE,,
,,,FALSE,FALSE,,
,,,FALSE,FALSE,,
,,,FALSE,FALSE,,
,,,FALSE,FALSE,,
,,,FALSE,FALSE,,
,,,FALSE,FALSE,,
,,,FALSE,FALSE,,
,,,FALSE,FALSE,,
,,,FALSE,FALSE,,
,,,FALSE,FALSE,,
,,,FALSE,FALSE,,
,,,FALSE,FALSE,,
,,,FALSE,FALSE,,
,,,FALSE,FALSE,,
,,,FALSE,FALSE,,
,,,FALSE,FALSE,,
,,,FALSE,FALSE,,
,,,FALSE,FALSE,,
,,,FALSE,FALSE,,
,,,FALSE,FALSE,,
,,,FALSE,FALSE,,
,,,FALSE,FALSE,,
,,,FALSE,FALSE,,
,,,FALSE,FALSE,,
,,,FALSE,FALSE,,
,,,FALSE,FALSE,,
,,,FALSE,FALSE,,
,,,FALSE,FALSE,,
,,,FALSE,FALSE,,
,,,FALSE,FALSE,,
,,,FALSE,FALSE,,
,,,FALSE,FALSE,,
,,,FALSE,FALSE,,
,,,FALSE,FALSE,,
,,,FALSE,FALSE,,
,,,FALSE,FALSE,,
,,,FALSE,FALSE,,
,,,FALSE,FALSE,,
,,,FALSE,FALSE,,
,,,FALSE,FALSE,,
,,,FALSE,FALSE,,
,,,FALSE,FALSE,,
,,,FALSE,FALSE,,
,,,FALSE,FALSE,,
,,,FALSE,FALSE,,
,,,FALSE,FALSE,,
,,,FALSE,FALSE,,
,,,FALSE,FALSE,,
,,,FALSE,FALSE,,
,,,FALSE,FALSE,,
,,,FALSE,FALSE,,
,,,FALSE,FALSE,,
,,,FALSE,FALSE,,
,,,FALSE,FALSE,,
,,,FALSE,FALSE,,
,,,FALSE,FALSE,,
,,,FALSE,FALSE,,
,,,FALSE,FALSE,,
,,,FALSE,FALSE,,
,,,FALSE,FALSE,,
,,,FALSE,FALSE,,
,,,FALSE,FALSE,,
,,,FALSE,FALSE,,
,,,FALSE,FALSE,,
,,,FALSE,FALSE,,
,,,FALSE,FALSE,,
,,,FALSE,FALSE,,
,,,FALSE,FALSE,,
,,,FALSE,FALSE,,
,,,FALSE,FALSE,,
,,,FALSE,FALSE,,
,,,FALSE,FALSE,,
,,,FALSE,FALSE,,
,,,FALSE,FALSE,,
,,,FALSE,FALSE,,
,,,FALSE,FALSE,,
,,,FALSE,FALSE,,
,,,FALSE,FALSE,,
,,,FALSE,FALSE,,
,,,FALSE,FALSE,,
,,,FALSE,FALSE,,
,,,FALSE,FALSE,,
,,,FALSE,FALSE,,
,,,FALSE,FALSE,,
,,,FALSE,FALSE,,
,,,FALSE,FALSE,,
,,,FALSE,FALSE,,
,,,FALSE,FALSE,,
,,,FALSE,FALSE,,
,,,FALSE,FALSE,,
,,,FALSE,FALSE,,
,,,FALSE,FALSE,,
,,,FALSE,FALSE,,
,,,FALSE,FALSE,,
,,,FALSE,FALSE,,
,,,FALSE,FALSE,,
,,,FALSE,FALSE,,
,,,FALSE,FALSE,,
,,,FALSE,FALSE,,
,,,FALSE,FALSE,,
,,,FALSE,FALSE,,
,,,FALSE,FALSE,,
,,,FALSE,FALSE,,
,,,FALSE,FALSE,,
,,,FALSE,FALSE,,
,,,FALSE,FALSE,,
,,,FALSE,FALSE,,
,,,FALSE,FALSE,,
,,,FALSE,FALSE,,
,,,FALSE,FALSE,,
,,,FALSE,FALSE,,
,,,FALSE,FALSE,,
,,,FALSE,FALSE,,
,,,FALSE,FALSE,,
,,,FALSE,FALSE,,
,,,FALSE,FALSE,,
,,,FALSE,FALSE,,
,,,FALSE,FALSE,,
,,,FALSE,FALSE,,
,,,FALSE,FALSE,,
,,,FALSE,FALSE,,
,,,FALSE,FALSE,,
,,,FALSE,FALSE,,
,,,FALSE,FALSE,,
,,,FALSE,FALSE,,
,,,FALSE,FALSE,,
,,,FALSE,FALSE,,
,,,FALSE,FALSE,,
,,,FALSE,FALSE,,
,,,FALSE,FALSE,,
,,,FALSE,FALSE,,
,,,FALSE,FALSE,,
,,,FALSE,FALSE,,
,,,FALSE,FALSE,,
,,,FALSE,FALSE,,
,,,FALSE,FALSE,,
,,,FALSE,FALSE,,
,,,FALSE,FALSE,,
,,,FALSE,FALSE,,
,,,FALSE,FALSE,,
,,,FALSE,FALSE,,
,,,FALSE,FALSE,,
,,,FALSE,FALSE,,
,,,FALSE,FALSE,,
,,,FALSE,FALSE,,
,,,FALSE,FALSE,,
,,,FALSE,FALSE,,
,,,FALSE,FALSE,,
,,,FALSE,FALSE,,
,,,FALSE,FALSE,,
,,,FALSE,FALSE,,
,,,FALSE,FALSE,,
,,,FALSE,FALSE,,
,,,FALSE,FALSE,,
,,,FALSE,FALSE,,
,,,FALSE,FALSE,,
,,,FALSE,FALSE,,
,,,FALSE,FALSE,,
,,,FALSE,FALSE,,
,,,FALSE,FALSE,,
,,,FALSE,FALSE,,
,,,FALSE,FALSE,,
,,,FALSE,FALSE,,
,,,FALSE,FALSE,,
,,,FALSE,FALSE,,
,,,FALSE,FALSE,,
,,,FALSE,FALSE,,
,,,FALSE,FALSE,,
,,,FALSE,FALSE,,
,,,FALSE,FALSE,,
,,,FALSE,FALSE,,
,,,FALSE,FALSE,,
,,,FALSE,FALSE,,
,,,FALSE,FALSE,,
,,,FALSE,FALSE,,
,,,FALSE,FALSE,,
,,,FALSE,FALSE,,
,,,FALSE,FALSE,,
,,,FALSE,FALSE,,
,,,FALSE,FALSE,,
,,,FALSE,FALSE,,
,,,FALSE,FALSE,,
,,,FALSE,FALSE,,
,,,FALSE,FALSE,,
,,,FALSE,FALSE,,
,,,FALSE,FALSE,,
,,,FALSE,FALSE,,
,,,FALSE,FALSE,,
,,,FALSE,FALSE,,
,,,FALSE,FALSE,,
,,,FALSE,FALSE,,
,,,FALSE,FALSE,,
,,,FALSE,FALSE,,
,,,FALSE,FALSE,,
,,,FALSE,FALSE,,
,,,FALSE,FALSE,,
,,,FALSE,FALSE,,
,,,FALSE,FALSE,,
,,,FALSE,FALSE,,
,,,FALSE,FALSE,,
,,,FALSE,FALSE,,
,,,FALSE,FALSE,,
,,,FALSE,FALSE,,
,,,FALSE,FALSE,,
,,,FALSE,FALSE,,
,,,FALSE,FALSE,,
,,,FALSE,FALSE,,
,,,FALSE,FALSE,,
,,,FALSE,FALSE,,
,,,FALSE,FALSE,,
,,,FALSE,FALSE,,
,,,FALSE,FALSE,,
,,,FALSE,FALSE,,
,,,FALSE,FALSE,,
,,,FALSE,FALSE,,
,,,FALSE,FALSE,,
,,,FALSE,FALSE,,
,,,FALSE,FALSE,,
,,,FALSE,FALSE,,
,,,FALSE,FALSE,,
,,,FALSE,FALSE,,
,,,FALSE,FALSE,,
,,,FALSE,FALSE,,
,,,FALSE,FALSE,,
,,,FALSE,FALSE,,
,,,FALSE,FALSE,,
,,,FALSE,FALSE,,
,,,FALSE,FALSE,,
,,,FALSE,FALSE,,
,,,FALSE,FALSE,,
,,,FALSE,FALSE,,
,,,FALSE,FALSE,,
,,,FALSE,FALSE,,
,,,FALSE,FALSE,,
,,,FALSE,FALSE,,
,,,FALSE,FALSE,,
,,,FALSE,FALSE,,
,,,FALSE,FALSE,,
,,,FALSE,FALSE,,
,,,FALSE,FALSE,,
,,,FALSE,FALSE,,
,,,FALSE,FALSE,,
,,,FALSE,FALSE,,
,,,FALSE,FALSE,,
,,,FALSE,FALSE,,
,,,FALSE,FALSE,,
,,,FALSE,FALSE,,
,,,FALSE,FALSE,,
,,,FALSE,FALSE,,
,,,FALSE,FALSE,,
,,,FALSE,FALSE,,
,,,FALSE,FALSE,,
,,,FALSE,FALSE,,
,,,FALSE,FALSE,,
,,,FALSE,FALSE,,
,,,FALSE,FALSE,,
,,,FALSE,FALSE,,
,,,FALSE,FALSE,,
,,,FALSE,FALSE,,
,,,FALSE,FALSE,,
,,,FALSE,FALSE,,
,,,FALSE,FALSE,,
,,,FALSE,FALSE,,
,,,FALSE,FALSE,,
,,,FALSE,FALSE,,
,,,FALSE,FALSE,,
,,,FALSE,FALSE,,
,,,FALSE,FALSE,,
,,,FALSE,FALSE,,
,,,FALSE,FALSE,,
,,,FALSE,FALSE,,
,,,FALSE,FALSE,,
,,,FALSE,FALSE,,
,,,FALSE,FALSE,,
,,,FALSE,FALSE,,
,,,FALSE,FALSE,,
,,,FALSE,FALSE,,
,,,FALSE,FALSE,,
,,,FALSE,FALSE,,
,,,FALSE,FALSE,,
,,,FALSE,FALSE,,
,,,FALSE,FALSE,,
,,,FALSE,FALSE,,
,,,FALSE,FALSE,,
,,,FALSE,FALSE,,
,,,FALSE,FALSE,,
,,,FALSE,FALSE,,
,,,FALSE,FALSE,,
,,,FALSE,FALSE,,
,,,FALSE,FALSE,,
,,,FALSE,FALSE,,
,,,FALSE,FALSE,,
,,,FALSE,FALSE,,
,,,FALSE,FALSE,,
,,,FALSE,FALSE,,
,,,FALSE,FALSE,,
,,,FALSE,FALSE,,
,,,FALSE,FALSE,,
,,,FALSE,FALSE,,
,,,FALSE,FALSE,,
,,,FALSE,FALSE,,
,,,FALSE,FALSE,,
,,,FALSE,FALSE,,
,,,FALSE,FALSE,,
,,,FALSE,FALSE,,
,,,FALSE,FALSE,,
,,,FALSE,FALSE,,
,,,FALSE,FALSE,,
,,,FALSE,FALSE,,
,,,FALSE,FALSE,,
,,,FALSE,FALSE,,
,,,FALSE,FALSE,,
,,,FALSE,FALSE,,
,,,FALSE,FALSE,,
,,,FALSE,FALSE,,
,,,FALSE,FALSE,,
,,,FALSE,FALSE,,
,,,FALSE,FALSE,,
,,,FALSE,FALSE,,
,,,FALSE,FALSE,,
,,,FALSE,FALSE,,
,,,FALSE,FALSE,,
,,,FALSE,FALSE,,
,,,FALSE,FALSE,,
,,,FALSE,FALSE,,
,,,FALSE,FALSE,,
,,,FALSE,FALSE,,
,,,FALSE,FALSE,,
,,,FALSE,FALSE,,
,,,FALSE,FALSE,,
,,,FALSE,FALSE,,
,,,FALSE,FALSE,,
,,,FALSE,FALSE,,
,,,FALSE,FALSE,,
,,,FALSE,FALSE,,
,,,FALSE,FALSE,,
,,,FALSE,FALSE,,
,,,FALSE,FALSE,,
,,,FALSE,FALSE,,
,,,FALSE,FALSE,,
,,,FALSE,FALSE,,
,,,FALSE,FALSE,,
,,,FALSE,FALSE,,
,,,FALSE,FALSE,,
,,,FALSE,FALSE,,
,,,FALSE,FALSE,,
,,,FALSE,FALSE,,
,,,FALSE,FALSE,,
,,,FALSE,FALSE,,
,,,FALSE,FALSE,,
,,,FALSE,FALSE,,
,,,FALSE,FALSE,,
,,,FALSE,FALSE,,
,,,FALSE,FALSE,,
,,,FALSE,FALSE,,
,,,FALSE,FALSE,,
,,,FALSE,FALSE,,
,,,FALSE,FALSE,,
,,,FALSE,FALSE,,
,,,FALSE,FALSE,,
,,,FALSE,FALSE,,
,,,FALSE,FALSE,,
,,,FALSE,FALSE,,
,,,FALSE,FALSE,,
,,,FALSE,FALSE,,
,,,FALSE,FALSE,,
,,,FALSE,FALSE,,
,,,FALSE,FALSE,,
,,,FALSE,FALSE,,
,,,FALSE,FALSE,,
,,,FALSE,FALSE,,
,,,FALSE,FALSE,,
,,,FALSE,FALSE,,
,,,FALSE,FALSE,,
,,,FALSE,FALSE,,
,,,FALSE,FALSE,,
,,,FALSE,FALSE,,
,,,FALSE,FALSE,,
,,,FALSE,FALSE,,
,,,FALSE,FALSE,,
,,,FALSE,FALSE,,
,,,FALSE,FALSE,,
,,,FALSE,FALSE,,
,,,FALSE,FALSE,,
,,,FALSE,FALSE,,
,,,FALSE,FALSE,,
,,,FALSE,FALSE,,
,,,FALSE,FALSE,,
,,,FALSE,FALSE,,
,,,FALSE,FALSE,,
,,,FALSE,FALSE,,
,,,FALSE,FALSE,,
,,,FALSE,FALSE,,
,,,FALSE,FALSE,,
,,,FALSE,FALSE,,
,,,FALSE,FALSE,,
,,,FALSE,FALSE,,
,,,FALSE,FALSE,,
,,,FALSE,FALSE,,
,,,FALSE,FALSE,,
,,,FALSE,FALSE,,
,,,FALSE,FALSE,,
,,,FALSE,FALSE,,
,,,FALSE,FALSE,,
,,,FALSE,FALSE,,
,,,FALSE,FALSE,,
,,,FALSE,FALSE,,
,,,FALSE,FALSE,,
,,,FALSE,FALSE,,
,,,FALSE,FALSE,,
,,,FALSE,FALSE,,
,,,FALSE,FALSE,,
,,,FALSE,FALSE,,
,,,FALSE,FALSE,,
,,,FALSE,FALSE,,
,,,FALSE,FALSE,,
,,,FALSE,FALSE,,
,,,FALSE,FALSE,,
,,,FALSE,FALSE,,
,,,FALSE,FALSE,,
,,,FALSE,FALSE,,
,,,FALSE,FALSE,,
,,,FALSE,FALSE,,
,,,FALSE,FALSE,,
,,,FALSE,FALSE,,
,,,FALSE,FALSE,,
,,,FALSE,FALSE,,
,,,FALSE,FALSE,,
,,,FALSE,FALSE,,
,,,FALSE,FALSE,,
,,,FALSE,FALSE,,
,,,FALSE,FALSE,,
,,,FALSE,FALSE,,
,,,FALSE,FALSE,,
,,,FALSE,FALSE,,
,,,FALSE,FALSE,,
,,,FALSE,FALSE,,
,,,FALSE,FALSE,,
,,,FALSE,FALSE,,
,,,FALSE,FALSE,,
,,,FALSE,FALSE,,
,,,FALSE,FALSE,,
,,,FALSE,FALSE,,
,,,FALSE,FALSE,,
,,,FALSE,FALSE,,
,,,FALSE,FALSE,,
,,,FALSE,FALSE,,
,,,FALSE,FALSE,,
,,,FALSE,FALSE,,
,,,FALSE,FALSE,,
,,,FALSE,FALSE,,
,,,FALSE,FALSE,,
,,,FALSE,FALSE,,
,,,FALSE,FALSE,,
,,,FALSE,FALSE,,
,,,FALSE,FALSE,,
,,,FALSE,FALSE,,
,,,FALSE,FALSE,,
,,,FALSE,FALSE,,
,,,FALSE,FALSE,,
,,,FALSE,FALSE,,
,,,FALSE,FALSE,,
,,,FALSE,FALSE,,
,,,FALSE,FALSE,,
,,,FALSE,FALSE,,
,,,FALSE,FALSE,,
,,,FALSE,FALSE,,
,,,FALSE,FALSE,,
,,,FALSE,FALSE,,
,,,FALSE,FALSE,,
,,,FALSE,FALSE,,
,,,FALSE,FALSE,,
,,,FALSE,FALSE,,
,,,FALSE,FALSE,,
,,,FALSE,FALSE,,
,,,FALSE,FALSE,,
,,,FALSE,FALSE,,
,,,FALSE,FALSE,,
,,,FALSE,FALSE,,
,,,FALSE,FALSE,,
,,,FALSE,FALSE,,
,,,FALSE,FALSE,,
,,,FALSE,FALSE,,
,,,FALSE,FALSE,,
,,,FALSE,FALSE,,
,,,FALSE,FALSE,,
,,,FALSE,FALSE,,
,,,FALSE,FALSE,,
,,,FALSE,FALSE,,
,,,FALSE,FALSE,,
,,,FALSE,FALSE,,
,,,FALSE,FALSE,,
,,,FALSE,FALSE,,
,,,FALSE,FALSE,,
,,,FALSE,FALSE,,
,,,FALSE,FALSE,,
,,,FALSE,FALSE,,
,,,FALSE,FALSE,,
,,,FALSE,FALSE,,
,,,FALSE,FALSE,,
,,,FALSE,FALSE,,
,,,FALSE,FALSE,,
,,,FALSE,FALSE,,
,,,FALSE,FALSE,,
,,,FALSE,FALSE,,
,,,FALSE,FALSE,,
,,,FALSE,FALSE,,
,,,FALSE,FALSE,,
,,,FALSE,FALSE,,
,,,FALSE,FALSE,,
,,,FALSE,FALSE,,
,,,FALSE,FALSE,,
,,,FALSE,FALSE,,
,,,FALSE,FALSE,,
,,,FALSE,FALSE,,
,,,FALSE,FALSE,,
,,,FALSE,FALSE,,
,,,FALSE,FALSE,,
,,,FALSE,FALSE,,
,,,FALSE,FALSE,,
,,,FALSE,FALSE,,
,,,FALSE,FALSE,,
,,,FALSE,FALSE,,
,,,FALSE,FALSE,,
,,,FALSE,FALSE,,
,,,FALSE,FALSE,,
,,,FALSE,FALSE,,
,,,FALSE,FALSE,,
,,,FALSE,FALSE,,
,,,FALSE,FALSE,,
,,,FALSE,FALSE,,
,,,FALSE,FALSE,,
,,,FALSE,FALSE,,
,,,FALSE,FALSE,,
,,,FALSE,FALSE,,
,,,FALSE,FALSE,,
,,,FALSE,FALSE,,
,,,FALSE,FALSE,,
,,,FALSE,FALSE,,
,,,FALSE,FALSE,,
,,,FALSE,FALSE,,
,,,FALSE,FALSE,,
,,,FALSE,FALSE,,
,,,FALSE,FALSE,,
,,,FALSE,FALSE,,
,,,FALSE,FALSE,,
,,,FALSE,FALSE,,
,,,FALSE,FALSE,,
,,,FALSE,FALSE,,
,,,FALSE,FALSE,,
,,,FALSE,FALSE,,
,,,FALSE,FALSE,,
,,,FALSE,FALSE,,
,,,FALSE,FALSE,,
,,,FALSE,FALSE,,
,,,FALSE,FALSE,,
,,,FALSE,FALSE,,
,,,FALSE,FALSE,,
,,,FALSE,FALSE,,
,,,FALSE,FALSE,,
,,,FALSE,FALSE,,
,,,FALSE,FALSE,,
,,,FALSE,FALSE,,
,,,FALSE,FALSE,,
,,,FALSE,FALSE,,
,,,FALSE,FALSE,,
,,,FALSE,FALSE,,
,,,FALSE,FALSE,,
,,,FALSE,FALSE,,
,,,FALSE,FALSE,,
,,,FALSE,FALSE,,
,,,FALSE,FALSE,,
,,,FALSE,FALSE,,
,,,FALSE,FALSE,,
,,,FALSE,FALSE,,
,,,FALSE,FALSE,,
,,,FALSE,FALSE,,
,,,FALSE,FALSE,,
,,,FALSE,FALSE,,
,,,FALSE,FALSE,,
,,,FALSE,FALSE,,
,,,FALSE,FALSE,,
,,,FALSE,FALSE,,
,,,FALSE,FALSE,,
,,,FALSE,FALSE,,
,,,FALSE,FALSE,,
,,,FALSE,FALSE,,
,,,FALSE,FALSE,,
,,,FALSE,FALSE,,
,,,FALSE,FALSE,,
,,,FALSE,FALSE,,
,,,FALSE,FALSE,,
,,,FALSE,FALSE,,
,,,FALSE,FALSE,,
,,,FALSE,FALSE,,
,,,FALSE,FALSE,,
,,,FALSE,FALSE,,
,,,FALSE,FALSE,,
,,,FALSE,FALSE,,
,,,FALSE,FALSE,,
,,,FALSE,FALSE,,
,,,FALSE,FALSE,,
,,,FALSE,FALSE,,
,,,FALSE,FALSE,,
,,,FALSE,FALSE,,
,,,FALSE,FALSE,,
,,,FALSE,FALSE,,
,,,FALSE,FALSE,,
,,,FALSE,FALSE,,
,,,FALSE,FALSE,,
,,,FALSE,FALSE,,
,,,FALSE,FALSE,,
,,,FALSE,FALSE,,
,,,FALSE,FALSE,,
,,,FALSE,FALSE,,
,,,FALSE,FALSE,,
,,,FALSE,FALSE,,
,,,FALSE,FALSE,,
,,,FALSE,FALSE,,
,,,FALSE,FALSE,,
,,,FALSE,FALSE,,
,,,FALSE,FALSE,,
,,,FALSE,FALSE,,
,,,FALSE,FALSE,,
,,,FALSE,FALSE,,
,,,FALSE,FALSE,,
,,,FALSE,FALSE,,
,,,FALSE,FALSE,,
,,,FALSE,FALSE,,
,,,FALSE,FALSE,,
,,,FALSE,FALSE,,
,,,FALSE,FALSE,,
,,,FALSE,FALSE,,
,,,FALSE,FALSE,,
,,,FALSE,FALSE,,
,,,FALSE,FALSE,,
,,,FALSE,FALSE,,
,,,FALSE,FALSE,,
,,,FALSE,FALSE,,
,,,FALSE,FALSE,,
,,,FALSE,FALSE,,
,,,FALSE,FALSE,,
,,,FALSE,FALSE,,
,,,FALSE,FALSE,,
,,,FALSE,FALSE,,
,,,FALSE,FALSE,,
,,,FALSE,FALSE,,
,,,FALSE,FALSE,,
,,,FALSE,FALSE,,
,,,FALSE,FALSE,,
,,,FALSE,FALSE,,
,,,FALSE,FALSE,,
,,,FALSE,FALSE,,
,,,FALSE,FALSE,,
,,,FALSE,FALSE,,
,,,FALSE,FALSE,,
,,,FALSE,FALSE,,
,,,FALSE,FALSE,,
,,,FALSE,FALSE,,
,,,FALSE,FALSE,,
,,,FALSE,FALSE,,
,,,FALSE,FALSE,,
,,,FALSE,FALSE,,
,,,FALSE,FALSE,,
,,,FALSE,FALSE,,
,,,FALSE,FALSE,,
,,,FALSE,FALSE,,
,,,FALSE,FALSE,,
,,,FALSE,FALSE,,
,,,FALSE,FALSE,,
,,,FALSE,FALSE,,
,,,FALSE,FALSE,,
,,,FALSE,FALSE,,
,,,FALSE,FALSE,,
,,,FALSE,FALSE,,
,,,FALSE,FALSE,,
,,,FALSE,FALSE,,
,,,FALSE,FALSE,,
,,,FALSE,FALSE,,
,,,FALSE,FALSE,,
,,,FALSE,FALSE,,
,,,FALSE,FALSE,,
,,,FALSE,FALSE,,
,,,FALSE,FALSE,,
,,,FALSE,FALSE,,
,,,FALSE,FALSE,,
,,,FALSE,FALSE,,
,,,FALSE,FALSE,,
,,,FALSE,FALSE,,
,,,FALSE,FALSE,,
,,,FALSE,FALSE,,
,,,FALSE,FALSE,,
,,,FALSE,FALSE,,
,,,FALSE,FALSE,,
,,,FALSE,FALSE,,
,,,FALSE,FALSE,,
,,,FALSE,FALSE,,
,,,FALSE,FALSE,,
,,,FALSE,FALSE,,
,,,FALSE,FALSE,,
,,,FALSE,FALSE,,
,,,FALSE,FALSE,,
,,,FALSE,FALSE,,
,,,FALSE,FALSE,,
,,,FALSE,FALSE,,
,,,FALSE,FALSE,,
,,,FALSE,FALSE,,
,,,FALSE,FALSE,,
,,,FALSE,FALSE,,
,,,FALSE,FALSE,,
,,,FALSE,FALSE,,
,,,FALSE,FALSE,,
,,,FALSE,FALSE,,
,,,FALSE,FALSE,,
,,,FALSE,FALSE,,
,,,FALSE,FALSE,,
,,,FALSE,FALSE,,
,,,FALSE,FALSE,,
,,,FALSE,FALSE,,
,,,FALSE,FALSE,,
,,,FALSE,FALSE,,
,,,FALSE,FALSE,,
,,,FALSE,FALSE,,
,,,FALSE,FALSE,,
,,,FALSE,FALSE,,
,,,FALSE,FALSE,,
,,,FALSE,FALSE,,
,,,FALSE,FALSE,,
,,,FALSE,FALSE,,
,,,FALSE,FALSE,,
,,,FALSE,FALSE,,
,,,FALSE,FALSE,,
,,,FALSE,FALSE,,
,,,FALSE,FALSE,,
,,,FALSE,FALSE,,
,,,FALSE,FALSE,,
,,,FALSE,FALSE,,
,,,FALSE,FALSE,,
,,,FALSE,FALSE,,
,,,FALSE,FALSE,,
,,,FALSE,FALSE,,
,,,FALSE,FALSE,,
,,,FALSE,FALSE,,
,,,FALSE,FALSE,,
,,,FALSE,FALSE,,
,,,FALSE,FALSE,,
,,,FALSE,FALSE,,
,,,FALSE,FALSE,,
,,,FALSE,FALSE,,
,,,FALSE,FALSE,,
,,,FALSE,FALSE,,
,,,FALSE,FALSE,,
,,,FALSE,FALSE,,
,,,FALSE,FALSE,,
,,,FALSE,FALSE,,
,,,FALSE,FALSE,,
,,,FALSE,FALSE,,
,,,FALSE,FALSE,,
,,,FALSE,FALSE,,
,,,FALSE,FALSE,,
,,,FALSE,FALSE,,
,,,FALSE,FALSE,,
,,,FALSE,FALSE,,
,,,FALSE,FALSE,,
,,,FALSE,FALSE,,
,,,FALSE,FALSE,,
,,,FALSE,FALSE,,
,,,FALSE,FALSE,,
,,,FALSE,FALSE,,